1,M001,2025-08-01 10:00:00,85.00,0.50,120.00,RUNNING
2,M001,2025-08-01 11:00:00,87.00,0.60,125.00,RUNNING
3,M001,2025-08-01 12:00:00,200.00,0.70,130.00,RUNNING
4,M002,2025-08-01 10:00:00,NULL,0.20,110.00,RUNNING
5,M002,2025-08-01 11:00:00,75.00,-1.00,112.00,RUNNING
6,M003,2025-08-01 10:00:00,90.00,0.80,5000.00,RUNNING
7,M003,2025-08-01 10:00:00,90.00,0.80,5000.00,RUNNING
8,M004,2025-08-01 09:00:00,65.00,0.10,95.00,STOPPED
9,M004,INVALID_DATE,70.00,0.20,100.00,RUNNING
10,M005,2025-08-01 10:00:00,72.00,0.30,101.00,UNKNOWN
